full_path,filename,selectable_path,full_gh_link
resources/presentations/1.1-basic-greek-verb.pptx,1.1-basic-greek-verb.pptx,resources/presentations/1.1-basic-greek-verb.pptx,/Greek-Language-Class/resources/presentations/1.1-basic-greek-verb.pptx
resources/handouts/1.1-handout-verbs.md,1.1-handout-verbs.md,resources/handouts/1.1-handout-verbs.md,/Greek-Language-Class/resources/handouts/1.1-handout-verbs.md
resources/handouts/1.1-sentences-verbs.md,1.1-sentences-verbs.md,resources/handouts/1.1-sentences-verbs.md,/Greek-Language-Class/resources/handouts/1.1-sentences-verbs.md
resources/handouts/1.1-translation-verbs.md,1.1-translation-verbs.md,resources/handouts/1.1-translation-verbs.md,/Greek-Language-Class/resources/handouts/1.1-translation-verbs.md
resources/presentations/1.1-understanding-greek-verb-morphology.pptx,1.1-understanding-greek-verb-morphology.pptx,resources/presentations/1.1-understanding-greek-verb-morphology.pptx,/Greek-Language-Class/resources/presentations/1.1-understanding-greek-verb-morphology.pptx
resources/presentations/1.1-verb-valency.pptx,1.1-verb-valency.pptx,resources/presentations/1.1-verb-valency.pptx,/Greek-Language-Class/resources/presentations/1.1-verb-valency.pptx
resources/presentations/1.1-words-phrases-and-clauses.pptx,1.1-words-phrases-and-clauses.pptx,resources/presentations/1.1-words-phrases-and-clauses.pptx,/Greek-Language-Class/resources/presentations/1.1-words-phrases-and-clauses.pptx
resources/presentations/1.2-first-second-declension-nouns.pptx,1.2-first-second-declension-nouns.pptx,resources/presentations/1.2-first-second-declension-nouns.pptx,/Greek-Language-Class/resources/presentations/1.2-first-second-declension-nouns.pptx
resources/handouts/1.2-gs-feedback-translations.md,1.2-gs-feedback-translations.md,resources/handouts/1.2-gs-feedback-translations.md,/Greek-Language-Class/resources/handouts/1.2-gs-feedback-translations.md
resources/handouts/1.2-handout-instructions-for-perseids.md,1.2-handout-instructions-for-perseids.md,resources/handouts/1.2-handout-instructions-for-perseids.md,/Greek-Language-Class/resources/handouts/1.2-handout-instructions-for-perseids.md
resources/handouts/1.2-handout-nouns-1st-and-2nd-decl-chart.md,1.2-handout-nouns-1st-and-2nd-decl-chart.md,resources/handouts/1.2-handout-nouns-1st-and-2nd-decl-chart.md,/Greek-Language-Class/resources/handouts/1.2-handout-nouns-1st-and-2nd-decl-chart.md
resources/handouts/1.2-handout-paradigms-case-uses.md,1.2-handout-paradigms-case-uses.md,resources/handouts/1.2-handout-paradigms-case-uses.md,/Greek-Language-Class/resources/handouts/1.2-handout-paradigms-case-uses.md
resources/presentations/1.2-intro-nouns-and-articles.pptx,1.2-intro-nouns-and-articles.pptx,resources/presentations/1.2-intro-nouns-and-articles.pptx,/Greek-Language-Class/resources/presentations/1.2-intro-nouns-and-articles.pptx
resources/handouts/1.2-nouns-gs-testing-trans.md,1.2-nouns-gs-testing-trans.md,resources/handouts/1.2-nouns-gs-testing-trans.md,/Greek-Language-Class/resources/handouts/1.2-nouns-gs-testing-trans.md
resources/handouts/1.2-sentences-nouns.md,1.2-sentences-nouns.md,resources/handouts/1.2-sentences-nouns.md,/Greek-Language-Class/resources/handouts/1.2-sentences-nouns.md
resources/handouts/1.2-translations-nouns.md,1.2-translations-nouns.md,resources/handouts/1.2-translations-nouns.md,/Greek-Language-Class/resources/handouts/1.2-translations-nouns.md
resources/presentations/1.3-coord-conjunctions.pptx,1.3-coord-conjunctions.pptx,resources/presentations/1.3-coord-conjunctions.pptx,/Greek-Language-Class/resources/presentations/1.3-coord-conjunctions.pptx
resources/handouts/1.3-handout-coord-conj.md,1.3-handout-coord-conj.md,resources/handouts/1.3-handout-coord-conj.md,/Greek-Language-Class/resources/handouts/1.3-handout-coord-conj.md
resources/presentations/1.3-transl-coord.docx,1.3-transl-coord.docx,resources/presentations/1.3-transl-coord.docx,/Greek-Language-Class/resources/presentations/1.3-transl-coord.docx
resources/handouts/1.4-gs-prep-feedback-trans.md,1.4-gs-prep-feedback-trans.md,resources/handouts/1.4-gs-prep-feedback-trans.md,/Greek-Language-Class/resources/handouts/1.4-gs-prep-feedback-trans.md
resources/handouts/1.4-gs-prep-testing-trans.md,1.4-gs-prep-testing-trans.md,resources/handouts/1.4-gs-prep-testing-trans.md,/Greek-Language-Class/resources/handouts/1.4-gs-prep-testing-trans.md
resources/handouts/1.4-handout-prepositions.md,1.4-handout-prepositions.md,resources/handouts/1.4-handout-prepositions.md,/Greek-Language-Class/resources/handouts/1.4-handout-prepositions.md
resources/presentations/1.4-prepositions.pptx,1.4-prepositions.pptx,resources/presentations/1.4-prepositions.pptx,/Greek-Language-Class/resources/presentations/1.4-prepositions.pptx
resources/handouts/1.4-read-prepositions.md,1.4-read-prepositions.md,resources/handouts/1.4-read-prepositions.md,/Greek-Language-Class/resources/handouts/1.4-read-prepositions.md
resources/handouts/1.4-transl-prepositions.md,1.4-transl-prepositions.md,resources/handouts/1.4-transl-prepositions.md,/Greek-Language-Class/resources/handouts/1.4-transl-prepositions.md
resources/handouts/1.5-handout-sentence-adverbs.md,1.5-handout-sentence-adverbs.md,resources/handouts/1.5-handout-sentence-adverbs.md,/Greek-Language-Class/resources/handouts/1.5-handout-sentence-adverbs.md
resources/presentations/1.5-sentence-adverbs.pptx,1.5-sentence-adverbs.pptx,resources/presentations/1.5-sentence-adverbs.pptx,/Greek-Language-Class/resources/presentations/1.5-sentence-adverbs.pptx
resources/handouts/1.6-adj-gs-feedback-trans.md,1.6-adj-gs-feedback-trans.md,resources/handouts/1.6-adj-gs-feedback-trans.md,/Greek-Language-Class/resources/handouts/1.6-adj-gs-feedback-trans.md
resources/presentations/1.6-adjectives-pronouns.pptx,1.6-adjectives-pronouns.pptx,resources/presentations/1.6-adjectives-pronouns.pptx,/Greek-Language-Class/resources/presentations/1.6-adjectives-pronouns.pptx
resources/handouts/1.6-handout-adjectives.md,1.6-handout-adjectives.md,resources/handouts/1.6-handout-adjectives.md,/Greek-Language-Class/resources/handouts/1.6-handout-adjectives.md
resources/presentations/1.6-intro-adj-pron.pptx,1.6-intro-adj-pron.pptx,resources/presentations/1.6-intro-adj-pron.pptx,/Greek-Language-Class/resources/presentations/1.6-intro-adj-pron.pptx
resources/handouts/1.6-transl-adj.md,1.6-transl-adj.md,resources/handouts/1.6-transl-adj.md,/Greek-Language-Class/resources/handouts/1.6-transl-adj.md
resources/handouts/1.7-adv-gs-feedback-trans.md,1.7-adv-gs-feedback-trans.md,resources/handouts/1.7-adv-gs-feedback-trans.md,/Greek-Language-Class/resources/handouts/1.7-adv-gs-feedback-trans.md
resources/presentations/1.7-adverbs.pptx,1.7-adverbs.pptx,resources/presentations/1.7-adverbs.pptx,/Greek-Language-Class/resources/presentations/1.7-adverbs.pptx
resources/handouts/1.7-handout-adverbs.md,1.7-handout-adverbs.md,resources/handouts/1.7-handout-adverbs.md,/Greek-Language-Class/resources/handouts/1.7-handout-adverbs.md
resources/handouts/1.7-transl-adverbs.md,1.7-transl-adverbs.md,resources/handouts/1.7-transl-adverbs.md,/Greek-Language-Class/resources/handouts/1.7-transl-adverbs.md
resources/handouts/1.8-handout-3rd-decl-nouns.md,1.8-handout-3rd-decl-nouns.md,resources/handouts/1.8-handout-3rd-decl-nouns.md,/Greek-Language-Class/resources/handouts/1.8-handout-3rd-decl-nouns.md
resources/handouts/1.8-noun-gs-feedback-trans.md,1.8-noun-gs-feedback-trans.md,resources/handouts/1.8-noun-gs-feedback-trans.md,/Greek-Language-Class/resources/handouts/1.8-noun-gs-feedback-trans.md
resources/handouts/1.8-noun-gs-graded-trans.md,1.8-noun-gs-graded-trans.md,resources/handouts/1.8-noun-gs-graded-trans.md,/Greek-Language-Class/resources/handouts/1.8-noun-gs-graded-trans.md
resources/presentations/1.8-third-declension-nouns.pptx,1.8-third-declension-nouns.pptx,resources/presentations/1.8-third-declension-nouns.pptx,/Greek-Language-Class/resources/presentations/1.8-third-declension-nouns.pptx
resources/handouts/1.8-transl-3rd-decl-nouns.md,1.8-transl-3rd-decl-nouns.md,resources/handouts/1.8-transl-3rd-decl-nouns.md,/Greek-Language-Class/resources/handouts/1.8-transl-3rd-decl-nouns.md
resources/presentations/1.9-comparison-of-greek-adjectives.pptx,1.9-comparison-of-greek-adjectives.pptx,resources/presentations/1.9-comparison-of-greek-adjectives.pptx,/Greek-Language-Class/resources/presentations/1.9-comparison-of-greek-adjectives.pptx
resources/handouts/1.9-gs-3adj-feedback-trans.md,1.9-gs-3adj-feedback-trans.md,resources/handouts/1.9-gs-3adj-feedback-trans.md,/Greek-Language-Class/resources/handouts/1.9-gs-3adj-feedback-trans.md
resources/handouts/1.9-handout-3rd-decl-adj-and-pronouns.md,1.9-handout-3rd-decl-adj-and-pronouns.md,resources/handouts/1.9-handout-3rd-decl-adj-and-pronouns.md,/Greek-Language-Class/resources/handouts/1.9-handout-3rd-decl-adj-and-pronouns.md
resources/presentations/1.9-third-declension-adjectives.pptx,1.9-third-declension-adjectives.pptx,resources/presentations/1.9-third-declension-adjectives.pptx,/Greek-Language-Class/resources/presentations/1.9-third-declension-adjectives.pptx
resources/handouts/1.9-transl-3rd-decl-adj.md,1.9-transl-3rd-decl-adj.md,resources/handouts/1.9-transl-3rd-decl-adj.md,/Greek-Language-Class/resources/handouts/1.9-transl-3rd-decl-adj.md
resources/handouts/2.1-brief-chart-endings.md,2.1-brief-chart-endings.md,resources/handouts/2.1-brief-chart-endings.md,/Greek-Language-Class/resources/handouts/2.1-brief-chart-endings.md
resources/handouts/2.1-trans-gs-student-feedback.md,2.1-trans-gs-student-feedback.md,resources/handouts/2.1-trans-gs-student-feedback.md,/Greek-Language-Class/resources/handouts/2.1-trans-gs-student-feedback.md
resources/presentations/2.1.1-greek-verb-tenses.pptx,2.1.1-greek-verb-tenses.pptx,resources/presentations/2.1.1-greek-verb-tenses.pptx,/Greek-Language-Class/resources/presentations/2.1.1-greek-verb-tenses.pptx
resources/handouts/2.1.1-practice-sentences-for-verb-tenses.md,2.1.1-practice-sentences-for-verb-tenses.md,resources/handouts/2.1.1-practice-sentences-for-verb-tenses.md,/Greek-Language-Class/resources/handouts/2.1.1-practice-sentences-for-verb-tenses.md
resources/handouts/2.1.1-trans-verb-tenses.md,2.1.1-trans-verb-tenses.md,resources/handouts/2.1.1-trans-verb-tenses.md,/Greek-Language-Class/resources/handouts/2.1.1-trans-verb-tenses.md
resources/presentations/2.1.2-greek-verb-voices.pptx,2.1.2-greek-verb-voices.pptx,resources/presentations/2.1.2-greek-verb-voices.pptx,/Greek-Language-Class/resources/presentations/2.1.2-greek-verb-voices.pptx
resources/handouts/2.1.2-handout-greek-tenses-and-voices.md,2.1.2-handout-greek-tenses-and-voices.md,resources/handouts/2.1.2-handout-greek-tenses-and-voices.md,/Greek-Language-Class/resources/handouts/2.1.2-handout-greek-tenses-and-voices.md
resources/handouts/2.1.2-practice-sentences-for-verb-voices.md,2.1.2-practice-sentences-for-verb-voices.md,resources/handouts/2.1.2-practice-sentences-for-verb-voices.md,/Greek-Language-Class/resources/handouts/2.1.2-practice-sentences-for-verb-voices.md
resources/handouts/2.1.2-trans-verb-voices.md,2.1.2-trans-verb-voices.md,resources/handouts/2.1.2-trans-verb-voices.md,/Greek-Language-Class/resources/handouts/2.1.2-trans-verb-voices.md
resources/handouts/2.2-handout-subordinate-clauses.md,2.2-handout-subordinate-clauses.md,resources/handouts/2.2-handout-subordinate-clauses.md,/Greek-Language-Class/resources/handouts/2.2-handout-subordinate-clauses.md
resources/presentations/2.2-indicative-subord-clauses.pptx,2.2-indicative-subord-clauses.pptx,resources/presentations/2.2-indicative-subord-clauses.pptx,/Greek-Language-Class/resources/presentations/2.2-indicative-subord-clauses.pptx
resources/presentations/2.2-intro-subordinate-clauses.pptx,2.2-intro-subordinate-clauses.pptx,resources/presentations/2.2-intro-subordinate-clauses.pptx,/Greek-Language-Class/resources/presentations/2.2-intro-subordinate-clauses.pptx
resources/handouts/2.2-read-misc-indic-clauses.md,2.2-read-misc-indic-clauses.md,resources/handouts/2.2-read-misc-indic-clauses.md,/Greek-Language-Class/resources/handouts/2.2-read-misc-indic-clauses.md
resources/handouts/2.2-trans-gs-student-feedback.md,2.2-trans-gs-student-feedback.md,resources/handouts/2.2-trans-gs-student-feedback.md,/Greek-Language-Class/resources/handouts/2.2-trans-gs-student-feedback.md
resources/handouts/2.2-trans-misc-ind-clauses.md,2.2-trans-misc-ind-clauses.md,resources/handouts/2.2-trans-misc-ind-clauses.md,/Greek-Language-Class/resources/handouts/2.2-trans-misc-ind-clauses.md
resources/handouts/2.3-gs-trans-feedback.md,2.3-gs-trans-feedback.md,resources/handouts/2.3-gs-trans-feedback.md,/Greek-Language-Class/resources/handouts/2.3-gs-trans-feedback.md
resources/handouts/2.3-handout-infinitives.md,2.3-handout-infinitives.md,resources/handouts/2.3-handout-infinitives.md,/Greek-Language-Class/resources/handouts/2.3-handout-infinitives.md
resources/presentations/2.3-morphology-of-infinitives.pptx,2.3-morphology-of-infinitives.pptx,resources/presentations/2.3-morphology-of-infinitives.pptx,/Greek-Language-Class/resources/presentations/2.3-morphology-of-infinitives.pptx
resources/handouts/2.3-trans-infinitives.md,2.3-trans-infinitives.md,resources/handouts/2.3-trans-infinitives.md,/Greek-Language-Class/resources/handouts/2.3-trans-infinitives.md
resources/presentations/2.3-uses-of-infinitives.pptx,2.3-uses-of-infinitives.pptx,resources/presentations/2.3-uses-of-infinitives.pptx,/Greek-Language-Class/resources/presentations/2.3-uses-of-infinitives.pptx
resources/handouts/2.4-gs-feedback-translate.md,2.4-gs-feedback-translate.md,resources/handouts/2.4-gs-feedback-translate.md,/Greek-Language-Class/resources/handouts/2.4-gs-feedback-translate.md
resources/handouts/2.4-handout-relative-clauses.md,2.4-handout-relative-clauses.md,resources/handouts/2.4-handout-relative-clauses.md,/Greek-Language-Class/resources/handouts/2.4-handout-relative-clauses.md
resources/presentations/2.4-relative-clauses.pptx,2.4-relative-clauses.pptx,resources/presentations/2.4-relative-clauses.pptx,/Greek-Language-Class/resources/presentations/2.4-relative-clauses.pptx
resources/handouts/2.4-translate-relative-clauses.md,2.4-translate-relative-clauses.md,resources/handouts/2.4-translate-relative-clauses.md,/Greek-Language-Class/resources/handouts/2.4-translate-relative-clauses.md
resources/presentations/2.5-moods-in-subordinate-clauses.pptx,2.5-moods-in-subordinate-clauses.pptx,resources/presentations/2.5-moods-in-subordinate-clauses.pptx,/Greek-Language-Class/resources/presentations/2.5-moods-in-subordinate-clauses.pptx
resources/handouts/2.5-translate-gs-feedback.md,2.5-translate-gs-feedback.md,resources/handouts/2.5-translate-gs-feedback.md,/Greek-Language-Class/resources/handouts/2.5-translate-gs-feedback.md
resources/handouts/2.5-translate-moods.md,2.5-translate-moods.md,resources/handouts/2.5-translate-moods.md,/Greek-Language-Class/resources/handouts/2.5-translate-moods.md
resources/presentations/2.6-participles.pptx,2.6-participles.pptx,resources/presentations/2.6-participles.pptx,/Greek-Language-Class/resources/presentations/2.6-participles.pptx
resources/presentations/2.7-direct-speech.pptx,2.7-direct-speech.pptx,resources/presentations/2.7-direct-speech.pptx,/Greek-Language-Class/resources/presentations/2.7-direct-speech.pptx
resources/handouts/2.7-gold-standard.md,2.7-gold-standard.md,resources/handouts/2.7-gold-standard.md,/Greek-Language-Class/resources/handouts/2.7-gold-standard.md
resources/handouts/2.7-handout-for-direct-speech.md,2.7-handout-for-direct-speech.md,resources/handouts/2.7-handout-for-direct-speech.md,/Greek-Language-Class/resources/handouts/2.7-handout-for-direct-speech.md
resources/presentations/alphabet-and-pronunciation.pptx,alphabet-and-pronunciation.pptx,resources/presentations/alphabet-and-pronunciation.pptx,/Greek-Language-Class/resources/presentations/alphabet-and-pronunciation.pptx
resources/handouts/greek-particles-translated-with-gestures.md,greek-particles-translated-with-gestures.md,resources/handouts/greek-particles-translated-with-gestures.md,/Greek-Language-Class/resources/handouts/greek-particles-translated-with-gestures.md
resources/handouts/how-to-approach-this-course.md,how-to-approach-this-course.md,resources/handouts/how-to-approach-this-course.md,/Greek-Language-Class/resources/handouts/how-to-approach-this-course.md
resources/handouts/notes-subordinate-clauses.md,notes-subordinate-clauses.md,resources/handouts/notes-subordinate-clauses.md,/Greek-Language-Class/resources/handouts/notes-subordinate-clauses.md
resources/handouts/on-line-instructions-for-making-a-gold-standard.md,on-line-instructions-for-making-a-gold-standard.md,resources/handouts/on-line-instructions-for-making-a-gold-standard.md,/Greek-Language-Class/resources/handouts/on-line-instructions-for-making-a-gold-standard.md
resources/handouts/plato-euthyphro-3a.md,plato-euthyphro-3a.md,resources/handouts/plato-euthyphro-3a.md,/Greek-Language-Class/resources/handouts/plato-euthyphro-3a.md
resources/handouts/trees-for-pp-unit-3-2-and-3.md,trees-for-pp-unit-3-2-and-3.md,resources/handouts/trees-for-pp-unit-3-2-and-3.md,/Greek-Language-Class/resources/handouts/trees-for-pp-unit-3-2-and-3.md
resources/handouts/unit-1.2-using-on-line-tools.md,unit-1.2-using-on-line-tools.md,resources/handouts/unit-1.2-using-on-line-tools.md,/Greek-Language-Class/resources/handouts/unit-1.2-using-on-line-tools.md
